{
  "type": "panel",
  "name": "Device Control panel",
  "id": "device-control-panel",
  "info": {
    "description": "A panel to control device of Ericsson",
    "author": {
      "name": "Kian Seng Looi"
    },
    "keywords": [
      "device",
      "control"
    ],
    "logos": {
      "small": "img/logo.svg",
      "large": "img/logo.svg"
    },
    "links": [],
    "screenshots": [
      {"name": "Controls", "path": "img/controls.png"},
      {"name": "Server settings", "path": "img/server.png"}
    ],
    "version": "%VERSION%",
    "updated": "%TODAY%"
  },
  "dependencies": {
    "grafanaVersion": "7.0.x",
    "grafanaDependency": ">=7.0.0",
    "plugins": []
  }
}
